,Strain,PB-name,Code,PB-index,Ill-index,Ill-name,Aneuploidy,De_novo_ill,is_clone,basidium
0,SS-A837,SS-A837_CGCTCAT-GGCTCTG-CR_Canu_polished_JRW-124,3,0,25,SS-A837-126,0,0,0,0.0
1,SS-A853,SS-A853_CGCTCAT-AGGCGAA-CR_Canu_polished_JRW-125,6,65,45,SS-A853-127,0,0,0,0.0
2,SS-B307,RBB17_SS-B307_ATTACTC-TATAGCC-CR_Canu_polished_JRW-10,2,95,104,SS-B307-10,0,0,0,0.0
3,SS-B308,RBB18_SS-B308_ATTACTC-ATAGAGG-CR_Canu_polished_JRW-11,2,106,87,SS-B308-11,0,0,1,0.0
4,SS-B310,RBB19_SS-B310_ATTACTC-CCTATCC-CR_Canu_polished_JRW-12,2,56,91,SS-B310-12,0,3,0,0.0
5,SS-B311,RBB20_SS-B311_ATTACTC-GGCTCTG-CR_Canu_polished_JRW-13,2,14,26,SS-B311-13,0,0,0,0.0
6,SS-B312,RBB21_SS-B312_ATTACTC-AGGCGAA-CR_Canu_polished_JRW-14,2,104,35,SS-B312-14,0,1,1,0.0
7,SS-B313,RBB22_SS-B313_ATTACTC-TAATCTT-CR_Canu_polished_JRW-15,2,87,63,SS-B313-15,0,0,0,0.0
8,SS-B314,RBB23_SS-B314_ATTACTC-CAGGACG-CR_Canu_polished_JRW-16,2,55,66,SS-B314-16,0,3,1,0.0
9,SS-B315,RBB24_SS-B315_ATTACTC-GTACTGA-CR_Canu_polished_JRW-17,2,27,64,SS-B315-17,0,2,0,0.0
10,SS-B316,RBB25_SS-B316_TCCGGAG-TATAGCC-CR_Canu_polished_JRW-18,2,24,1,SS-B316-18,0,0,0,0.0
11,SS-B317,RBB26_SS-B317_TCCGGAG-ATAGAGG-CR_Canu_polished_JRW-19,2,22,106,SS-B317-19,0,0,1,0.0
12,SS-B350,RBB27_SS-B350_TCCGGAG-CCTATCC-CR_Canu_polished_JRW-20,2,126,90,SS-B350-20,0,0,0,0.0
13,SS-B354,RBB28_SS-B354_TCCGGAG-GGCTCTG-CR_Canu_polished_JRW-21,2,69,68,SS-B354-21,0,1,0,0.0
14,SS-B356,RBB29_SS-B356_TCCGGAG-AGGCGAA-CR_Canu_polished_JRW-22,2,35,31,SS-B356-22,0,1,0,0.0
15,SS-B357,RBB30_SS-B357_TCCGGAG-TAATCTT-CR_Canu_polished_JRW-23,2,61,97,SS-B357-23,0,0,0,0.0
16,SS-B358,RBB31_SS-B358_TCCGGAG-CAGGACG-CR_Canu_polished_JRW-24,2,1,40,SS-B358-24,0,0,0,0.0
17,SS-B360,RBB32_SS-B360_TCCGGAG-GTACTGA-CR_Canu_polished_JRW-25,2,88,122,SS-B360-25,0,0,0,0.0
18,SS-B364,RBB33_SS-B364_CGCTCAT-TATAGCC-CR_Canu_polished_JRW-26,2,71,23,SS-B364-26,0,0,0,0.0
19,SS-B366,RBB34_SS-B366_CGCTCAT-ATAGAGG-CR_Canu_polished_JRW-27,2,44,11,SS-B366-27,0,0,0,0.0
20,SS-B368,RBB35_SS-B368_CGCTCAT-CCTATCC-CR_Canu_polished_JRW-28,2,3,27,SS-B368-28,0,1,0,0.0
21,SS-B369,RBB36_SS-B369_CGCTCAT-GGCTCTG-CR_Canu_polished_JRW-29,2,34,3,SS-B369-29,0,1,0,0.0
22,SS-B373,RBB37_SS-B373_CGCTCAT-AGGCGAA-CR_Canu_polished_JRW-30,2,90,79,SS-B373-30,0,2,0,0.0
23,SS-B374,RBB38_SS-B374_CGCTCAT-TAATCTT-CR_Canu_polished_JRW-31,2,42,16,SS-B374-31,0,0,0,0.0
24,SS-B377,RBB39_SS-B377_CGCTCAT-CAGGACG-CR_Canu_polished_JRW-32,2,74,30,SS-B377-32,0,0,1,0.0
25,SS-B378,RBB40_SS-B378_CGCTCAT-GTACTGA-CR_Canu_polished_JRW-33,2,118,19,SS-B378-33,0,0,0,0.0
26,SS-B379,RBB41_SS-B379_GAGATTC-TATAGCC-CR_Canu_polished_JRW-34,2,96,69,SS-B379-34,0,1,0,0.0
27,SS-B382,RBB42_SS-B382_GAGATTC-ATAGAGG-CR_Canu_polished_JRW-35,2,7,126,SS-B382-35,0,2,0,0.0
28,SS-B383,RBB43_SS-B383_GAGATTC-CCTATCC-CR_Canu_polished_JRW-36,2,117,12,SS-B383-36,0,0,0,0.0
29,SS-B385,RBB44_SS-B385_GAGATTC-GGCTCTG-CR_Canu_polished_JRW-37,2,47,34,SS-B385-37,0,0,1,0.0
30,SS-B387,RBB45_SS-B387_GAGATTC-AGGCGAA-CR_Canu_polished_JRW-38,2,124,28,SS-B387-38,0,0,0,0.0
31,SS-B395,RBB46_SS-B395_GAGATTC-TAATCTT-CR_Canu_polished_JRW-39,2,45,105,SS-B395-39,1,0,1,0.0
32,SS-B396,RBB47_SS-B396_GAGATTC-CAGGACG-CR_Canu_polished_JRW-40,2,102,102,SS-B396-40,0,0,0,0.0
33,SS-B397,RBB48_SS-B397_GAGATTC-GTACTGA-CR_Canu_polished_JRW-41,2,53,123,SS-B397-41,0,2,0,0.0
34,SS-B399,RBB66_SS-B399_CTGAAGC-ATAGAGG-CR_Canu_polished_JRW-59,2,41,32,SS-B399-59,0,1,0,0.0
35,SS-B407,RBB127_SS-B407_ATGTCA-CR_Canu_polished_JRW-0,2,83,0,SS-B407-0,0,0,0,0.0
36,SS-B410,RBB128_SS-B410_CCGTCC-CR_Canu_polished_JRW-1,2,32,94,SS-B410-1,0,1,1,0.0
37,SS-B411,RBB129_SS-B411_GTCCGC-CR_Canu_polished_JRW-2,2,16,76,SS-B411-2,1,0,1,0.0
38,SS-B553,SHSB3_01-SS-B553_CTGAAGC-TATAGCC-CR_Canu_polished_JRW-60,2,66,74,SS-B553-62,0,0,0,0.0
39,SS-B560,SHSB3_02-SS-B560_CTGAAGC-ATAGAGG-CR_Canu_polished_JRW-61,2,25,10,SS-B560-63,0,1,1,0.0
40,SS-B563,SHSB3_03-SS-B563_CTGAAGC-CCTATCC-CR_Canu_polished_JRW-62,2,114,112,SS-B563-64,0,0,0,0.0
41,SS-B564,SHSB3_04-SS-B564_CTGAAGC-GGCTCTG-CR_Canu_polished_JRW-63,2,63,125,SS-B564-65,0,0,0,0.0
42,SS-B565,SHSB3_05-SS-B565_CTGAAGC-AGGCGAA-CR_Canu_polished_JRW-64,2,2,115,SS-B565-66,0,0,0,0.0
43,SS-B569,SHSB3_06-SS-B569_CTGAAGC-TAATCTT-CR_Canu_polished_JRW-65,2,115,95,SS-B569-67,0,0,0,0.0
44,SS-B570,SHSB3_07-SS-B570_CTGAAGC-CAGGACG-CR_Canu_polished_JRW-66,2,113,15,SS-B570-68,0,0,0,0.0
45,SS-B574,SHSB3_08-SS-B574_CTGAAGC-GTACTGA-CR_Canu_polished_JRW-67,2,36,118,SS-B574-69,0,0,0,0.0
46,SS-B575,SHSB3_09-SS-B575_TAATGCG-TATAGCC-CR_Canu_polished_JRW-68,2,5,54,SS-B575-70,0,0,0,0.0
47,SS-B579,SHSB3_10-SS-B579_TAATGCG-ATAGAGG-CR_Canu_polished_JRW-69,2,48,8,SS-B579-71,0,1,0,0.0
48,SS-B580,SHSB3_11-SS-B580_TAATGCG-CCTATCC-CR_Canu_polished_JRW-70,2,20,96,SS-B580-72,0,0,0,0.0
49,SS-B584,SHSB3_12-SS-B584_TAATGCG-GGCTCTG-CR_Canu_polished_JRW-71,2,78,111,SS-B584-73,0,0,0,0.0
50,SS-B585,SHSB3_13-SS-B585_TAATGCG-AGGCGAA-CR_Canu_polished_JRW-72,2,110,24,SS-B585-74,0,0,0,0.0
51,SS-B586,SHSB3_14-SS-B586_TAATGCG-TAATCTT-CR_Canu_polished_JRW-73,2,60,37,SS-B586-75,0,0,0,0.0
52,SS-B587,SHSB3_15-SS-B587_TAATGCG-CAGGACG-CR_Canu_polished_JRW-74,2,52,39,SS-B587-76,0,2,0,0.0
53,SS-B588,SHSB3_16-SS-B588_TAATGCG-GTACTGA-CR_Canu_polished_JRW-75,2,68,52,SS-B588-77,0,0,0,0.0
54,SS-B589,SHSB3_17-SS-B589_CGGCTAT-TATAGCC-CR_Canu_polished_JRW-76,2,89,41,SS-B589-78,0,1,0,0.0
55,SS-B591,SHSB3_18-SS-B591_CGGCTAT-ATAGAGG-CR_Canu_polished_JRW-77,2,9,48,SS-B591-79,0,0,0,0.0
56,SS-B593,SHSB3_19-SS-B593_CGGCTAT-CCTATCC-CR_Canu_polished_JRW-78,2,111,116,SS-B593-80,0,0,0,0.0
57,SS-B594,SHSB3_20-SS-B594_CGGCTAT-GGCTCTG-CR_Canu_polished_JRW-79,2,70,120,SS-B594-81,1,0,0,0.0
58,SS-B598,SHSB3_21-SS-B598_CGGCTAT-AGGCGAA-CR_Canu_polished_JRW-80,2,37,114,SS-B598-82,0,0,0,0.0
59,SS-B599,SHSB3_22-SS-B599_CGGCTAT-TAATCTT-CR_Canu_polished_JRW-81,2,26,113,SS-B599-83,0,0,0,0.0
60,SS-B600,SHSB3_23-SS-B600_CGGCTAT-CAGGACG-CR_Canu_polished_JRW-82,2,33,117,SS-B600-84,0,1,0,0.0
61,SS-B605,SHSB3_24-SS-B605_CGGCTAT-GTACTGA-CR_Canu_polished_JRW-83,2,112,65,SS-B605-85,0,0,0,0.0
62,SS-B606,SHSB3_25-SS-B606_TCCGCGA-TATAGCC-CR_Canu_polished_JRW-84,2,76,89,SS-B606-86,0,0,0,0.0
63,SS-B611,SHSB3_26-SS-B611_TCCGCGA-ATAGAGG-CR_Canu_polished_JRW-85,2,28,47,SS-B611-87,0,2,0,0.0
64,SS-B621,SHSB3_27-SS-B621_TCCGCGA-CCTATCC-CR_Canu_polished_JRW-86,2,15,33,SS-B621-88,0,0,0,0.0
65,SS-B830,SS-B830_CGCTCAT-TAATCTT-CR_Canu_polished_JRW-126,4,39,14,SS-B830-128,0,0,0,0.0
66,SS-B869,RBB49_SS-B869_ATTCAGA-TATAGCC-CR_Canu_polished_JRW-42,1,101,103,SS-B869-42,0,1,1,0.0
67,SS-B869_cor,SHSB3_31-SS-B869_Correction_TCCGCGA-CAGGACG-CR_Canu_polished_JRW-90,1,46,57,SS-B869_Correction-92,0,0,0,2.0
68,SS-B872,RBB50_SS-B872_ATTCAGA-ATAGAGG-CR_Canu_polished_JRW-43,1,99,5,SS-B872-43,0,1,1,0.0
69,SS-B872_cor,SHSB3_32-SS-B872_Correction_TCCGCGA-GTACTGA-CR_Canu_polished_JRW-91,1,100,119,SS-B872_Correction-93,0,0,0,2.0
70,SS-B873,RBB51_SS-B873_ATTCAGA-CCTATCC-CR_Canu_polished_JRW-44,1,82,98,SS-B873-44,0,1,1,0.0
71,SS-B873_cor,SHSB3_33-SS-B873_Correction_TCTCGCG-TATAGCC-CR_Canu_polished_JRW-92,1,98,121,SS-B873_Correction-94,0,2,0,2.0
72,SS-B874,RBB52_SS-B874_ATTCAGA-GGCTCTG-CR_Canu_polished_JRW-45,1,79,88,SS-B874-45,0,0,0,0.0
73,SS-B874_cor,SHSB3_34-SS-B874_Correction_TCTCGCG-ATAGAGG-CR_Canu_polished_JRW-93,1,10,18,SS-B874_Correction-95,0,0,0,2.0
74,SS-B876,SHSB4_01-SS-B876_ATTACTC-TATAGCC-CR_Canu_polished_JRW-108,1,108,60,SS-B876-110,0,1,0,3.0
75,SS-B879,SHSB4_02-SS-B879_ATTACTC-ATAGAGG-CR_Canu_polished_JRW-109,1,58,108,SS-B879-111,1,0,1,3.0
76,SS-B880,SHSB4_03-SS-B880_ATTACTC-CCTATCC-CR_Canu_polished_JRW-110,1,121,99,SS-B880-112,0,1,0,3.0
77,SS-B885,SHSB4_04-SS-B885_ATTACTC-GGCTCTG-CR_Canu_polished_JRW-111,1,30,46,SS-B885-113,1,0,1,3.0
78,SS-B886,RBB53_SS-B886_ATTCAGA-AGGCGAA-CR_Canu_polished_JRW-46,1,43,78,SS-B886-46,0,0,0,0.0
79,SS-B886_cor,SHSB3_35-SS-B886_Correction_TCTCGCG-CCTATCC-CR_Canu_polished_JRW-94,1,18,110,SS-B886_Correction-96,0,1,0,4.0
80,SS-B887,RBB54_SS-B887_ATTCAGA-TAATCTT-CR_Canu_polished_JRW-47,1,72,6,SS-B887-47,0,0,0,0.0
81,SS-B887_cor,SHSB3_36-SS-B887_Correction_TCTCGCG-GGCTCTG-CR_Canu_polished_JRW-95,1,93,100,SS-B887_Correction-97,0,1,0,4.0
82,SS-B890,RBB55_SS-B890_ATTCAGA-CAGGACG-CR_Canu_polished_JRW-48,1,97,124,SS-B890-48,0,0,1,0.0
83,SS-B890_cor,SHSB3_37-SS-B890_Correction_TCTCGCG-AGGCGAA-CR_Canu_polished_JRW-96,1,81,109,SS-B890_Correction-98,0,0,0,5.0
84,SS-B892,RBB56_SS-B892_ATTCAGA-GTACTGA-CR_Canu_polished_JRW-49,1,80,70,SS-B892-49,0,0,1,0.0
85,SS-B892_cor,SHSB3_38-SS-B892_Correction_TCTCGCG-TAATCTT-CR_Canu_polished_JRW-97,1,75,67,SS-B892_Correction-99,0,0,0,5.0
86,SS-B896,RBB57_SS-B896_GAATTCG-TATAGCC-CR_Canu_polished_JRW-50,1,51,58,SS-B896-50,0,0,1,0.0
87,SS-B896_cor,SHSB3_39-SS-B896_Correction_TCTCGCG-CAGGACG-CR_Canu_polished_JRW-98,1,64,42,SS-B896_Correction-100,0,0,0,5.0
88,SS-B898,RBB58_SS-B898_GAATTCG-ATAGAGG-CR_Canu_polished_JRW-51,1,11,82,SS-B898-51,0,0,1,0.0
89,SS-B898_cor,SHSB3_40-SS-B898_Correction_TCTCGCG-GTACTGA-CR_Canu_polished_JRW-99,1,17,2,SS-B898_Correction-101,0,0,0,5.0
90,SS-B901,RBB59_SS-B901_GAATTCG-CCTATCC-CR_Canu_polished_JRW-52,1,8,36,SS-B901-52,0,0,1,0.0
91,SS-B901_cor,SHSB3_41-SS-B901_Correction_AGCGATA-TATAGCC-CR_Canu_polished_JRW-100,1,19,17,SS-B901_Correction-102,0,0,0,5.0
92,SS-B905,RBB60_SS-B905_GAATTCG-GGCTCTG-CR_Canu_polished_JRW-53,1,73,38,SS-B905-53,0,0,0,5.0
93,SS-B906,RBB61_SS-B906_GAATTCG-AGGCGAA-CR_Canu_polished_JRW-54,1,12,56,SS-B906-54,0,0,0,0.0
94,SS-B906_cor,SHSB3_42-SS-B906_Correction_AGCGATA-ATAGAGG-CR_Canu_polished_JRW-101,1,67,92,SS-B906_Correction-103,0,0,0,5.0
95,SS-B908,RBB62_SS-B908_GAATTCG-TAATCTT-CR_Canu_polished_JRW-55,1,86,84,SS-B908-55,0,0,0,0.0
96,SS-B908_cor,SHSB3_43-SS-B908_Correction_AGCGATA-CCTATCC-CR_Canu_polished_JRW-102,1,59,86,SS-B908_Correction-104,0,0,0,5.0
97,SS-B926,SHSB4_05-SS-B926_ATTACTC-AGGCGAA-CR_Canu_polished_JRW-112,1,13,81,SS-B926-114,0,0,0,6.0
98,SS-B927,SHSB4_06-SS-B927_ATTACTC-TAATCTT-CR_Canu_polished_JRW-113,1,62,21,SS-B927-115,0,0,0,6.0
99,SS-B929,SHSB4_07-SS-B929_ATTACTC-CAGGACG-CR_Canu_polished_JRW-114,1,119,72,SS-B929-116,0,0,1,6.0
100,SS-B930,SHSB4_08-SS-B930_ATTACTC-GTACTGA-CR_Canu_polished_JRW-115,1,107,7,SS-B930-117,0,0,1,6.0
101,SS-B952,SHSB4_09-SS-B952_TCCGGAG-TATAGCC-CR_Canu_polished_JRW-116,1,84,75,SS-B952-118,0,0,0,7.0
102,SS-B956,SHSB4_10-SS-B956_TCCGGAG-ATAGAGG-CR_Canu_polished_JRW-117,1,23,77,SS-B956-119,0,1,0,7.0
103,SS-B960,RBB63_SS-B960_GAATTCG-CAGGACG-CR_Canu_polished_JRW-56,1,21,62,SS-B960-56,0,0,1,0.0
104,SS-B960_cor,SHSB3_44-SS-B960_Correction_AGCGATA-GGCTCTG-CR_Canu_polished_JRW-103,1,38,43,SS-B960_Correction-105,0,1,0,9.0
105,SS-B961,RBB64_SS-B961_GAATTCG-GTACTGA-CR_Canu_polished_JRW-57,1,125,49,SS-B961-57,0,0,1,0.0
106,SS-B961_cor,SHSB3_45-SS-B961_Correction_AGCGATA-AGGCGAA-CR_Canu_polished_JRW-104,1,122,93,SS-B961_Correction-106,0,1,0,9.0
107,SS-B996,SHSB4_11-SS-B996_TCCGGAG-CCTATCC-CR_Canu_polished_JRW-118,1,40,13,SS-B996-120,0,0,1,13.14
108,SS-B997,SHSB4_12-SS-B997_TCCGGAG-GGCTCTG-CR_Canu_polished_JRW-119,1,91,4,SS-B997-121,0,0,1,13.14
109,SS-B998,SHSB4_13-SS-B998_TCCGGAG-AGGCGAA-CR_Canu_polished_JRW-120,1,85,29,SS-B998-122,0,1,0,13.14
110,SS-C001,RBB65_SS-C001_CTGAAGC-TATAGCC-CR_Canu_polished_JRW-58,1,6,107,SS-C001-58,0,0,0,15.0
111,SS-C026,RBB130_SS-C026_GTGAAA-CR_Canu_polished_JRW-3,1,29,51,SS-C026-3,0,0,1,0.0
112,SS-C026_cor,SHSB3_46-SS-C026_Correction_AGCGATA-TAATCTT-CR_Canu_polished_JRW-105,1,54,80,SS-C026_Correction-107,0,0,0,17.0
113,SS-C029,RBB131_SS-C029_GTGGCC-CR_Canu_polished_JRW-4,1,57,22,SS-C029-4,0,0,1,0.0
114,SS-C029_cor,SHSB3_47-SS-C029_Correction_AGCGATA-CAGGACG-CR_Canu_polished_JRW-106,1,92,50,SS-C029_Correction-108,0,0,0,17.0
115,SS-C030,RBB132_SS-C030_GTTTCG-CR_Canu_polished_JRW-5,1,4,73,SS-C030-5,0,0,1,18.0
116,SS-C031,RBB133_SS-C031_CGTACG-CR_Canu_polished_JRW-6,1,94,85,SS-C031-6,0,0,1,0.0
117,SS-C031_cor,SHSB3_48-SS-C031_Correction_AGCGATA-GTACTGA-CR_Canu_polished_JRW-107,1,109,44,SS-C031_Correction-109,0,0,0,18.0
118,SS-C033,SHSB4_14-SS-C033_TCCGGAG-TAATCTT-CR_Canu_polished_JRW-121,1,123,59,SS-C033-123,0,0,0,19.0
119,SS-C036,SHSB4_15-SS-C036_TCCGGAG-CAGGACG-CR_Canu_polished_JRW-122,1,50,71,SS-C036-124,0,0,0,19.0
120,SS-C039,SHSB4_16-SS-C039_TCCGGAG-GTACTGA-CR_Canu_polished_JRW-123,1,120,20,SS-C039-125,0,0,0,19.0
121,SS-C242,RBB134_SS-C242_GAGTGG-CR_Canu_polished_JRW-7,1,31,61,SS-C242-7,0,0,0,22.0
122,SS-C271,RBB135_SS-C271_ACTGAT-CR_Canu_polished_JRW-8,1,77,55,SS-C271-8,0,1,0,26.0
123,SS-C272,RBB136_SS-C272_ATTCCT-CR_Canu_polished_JRW-9,1,116,101,SS-C272-9,0,0,0,26.0
124,SS-C273,SHSB3_28-SS-C273_TCCGCGA-GGCTCTG-CR_Canu_polished_JRW-87,1,103,9,SS-C273-89,1,1,0,27.0
125,SS-C290,SHSB3_29-SS-C290_TCCGCGA-AGGCGAA-CR_Canu_polished_JRW-88,1,49,53,SS-C290-90,0,0,0,29.0
126,SS-C291,SHSB3_30-SS-C291_TCCGCGA-TAATCTT-CR_Canu_polished_JRW-89,1,105,83,SS-C291-91,0,1,0,29.0
